,rid,buyer_account_id,buyer_account,buyer_bu,buyer_bu_id,survey_client,client_responsestatusid,client_responsestatus,link_type_id,external_survey_name,fulcrum_responsestatusid,fulcrum_responsestatus,internal_survey_name,marketplace_projectid,marketplace_project,mid,parentsid,pid,respondentsid,entrydate,lastdate,session_loi,id,name,supplier_bu_id,supplier_bu,link_type,supplierid,survey_country,survey_country_langauge,survey_ccpi,survey_HASH_status,survey_SCCB_status,survey_https_status,project_manager,pm_email,survey_qcpi,surveyid
0,681e2ee2-5ba4-8a11-71a2-f1884537fa6e,1845,Lumivo,Lumivo UK GBP,2747,Lumivo API_Client,26,Reconciled to Term - Completes Uploaded,18,Other Survey   ,3,Client Survey Entry,University Entry OJR 2025 PARENTS Day 6,28577122,University Entry OJR 2025 Lucid PARENTS,98a2736ee32baef08f6f953bacccb340,681e2ee2-5ba4-8a11-71a2-f1884537fa6e,xe47uuaCpPpHn9Ts6eHje6TD,585a74fb-a837-4509-978f-3fe45f8cb71d,2025-05-09T16:35:46.669Z,2025-05-09T16:56:55.538Z,21,685,Qmee,796,Qmee,Offerwall / Standalone,1052,United Kingdom (GB),English - United Kingdom,3.3172338,True,False,True,Veronica Penkova,veronicapenkova@gmail.com,3.3172338,64168738
1,681dd354-bb96-35e9-1178-ae186d3deb17,1845,Lumivo,Lumivo UK GBP,2747,Lumivo API_Client,10,Complete,18,Online Study  ,3,Client Survey Entry,Sports study 2025 - UK Desktop Day 6,28526304,Sports study 2025 - UK,71a6d382d05c40f1ec89643f0f83ef7e,681dd354-bb96-35e9-1178-ae186d3deb17,BvfPrbTXnECAvqEDYYdeB5m3,4d519f3e-9bc5-4832-9628-224be91c73f9,2025-05-09T10:05:10.978Z,2025-05-09T10:27:28.767Z,22,685,Qmee,796,Qmee,Offerwall / Standalone,1052,United Kingdom (GB),English - United Kingdom,3.6507978,True,False,True,Veronica Penkova,veronicapenkova@gmail.com,3.6507978,64136502
2,681eb2b9-66e1-e561-13a5-b4eaf4844553,1845,Lumivo,Lumivo UK GBP,2747,Lumivo API_Client,26,Reconciled to Term - Completes Uploaded,18,Other Survey   ,3,Client Survey Entry,University Entry OJR 2025 PARENTS Day 6,28577122,University Entry OJR 2025 Lucid PARENTS,e0c3cc59e1716e24f8e648616f623396,681eb2b9-66e1-e561-13a5-b4eaf4844553,wZ2hu18npeyZRtnLod6RZP4n,61fc8a3f-4d9f-4ce8-891d-92ff318ecfa4,2025-05-10T01:58:17.791Z,2025-05-10T02:15:11.659Z,16,685,Qmee,796,Qmee,Offerwall / Standalone,1052,United Kingdom (GB),English - United Kingdom,3.3172338,True,False,True,Veronica Penkova,veronicapenkova@gmail.com,3.3172338,64168738
3,681dde0c-2f81-1e31-e2d6-a330d5d3be07,1845,Lumivo,Lumivo UK GBP,2747,Lumivo API_Client,10,Complete,18,Online Study  ,3,Client Survey Entry,Sports study 2025 - UK Desktop Day 6,28526304,Sports study 2025 - UK,c172a3865a416a9fb42fda339ec98698,681dde0c-2f81-1e31-e2d6-a330d5d3be07,RGZbysjNgTCDkzXfKTEBpCQX,1ece4797-a773-445e-9488-04cf9ae8765e,2025-05-09T10:50:53.486Z,2025-05-09T11:09:49.178Z,18,685,Qmee,796,Qmee,Offerwall / Standalone,1052,United Kingdom (GB),English - United Kingdom,3.6507978,True,False,True,Veronica Penkova,veronicapenkova@gmail.com,3.6507978,64136502
4,681e46fd-47de-5538-a1f2-80eb6990c0ab,1845,Lumivo,Lumivo UK GBP,2747,Lumivo API_Client,26,Reconciled to Term - Completes Uploaded,18,Other Survey   ,3,Client Survey Entry,University Entry OJR 2025 PARENTS Day 6,28577122,University Entry OJR 2025 Lucid PARENTS,76a4d3c40afcb1aa68e35f50e2e90ad4,681e46fd-47de-5538-a1f2-80eb6990c0ab,fnzcyavdEWSj9gjg7gpYCpXG,f5690222-3cfb-42a8-851b-8efd60fcb427,2025-05-09T18:18:38.557Z,2025-05-09T18:25:47.1Z,7,685,Qmee,796,Qmee,Offerwall / Standalone,1052,United Kingdom (GB),English - United Kingdom,3.3172338,True,False,True,Veronica Penkova,veronicapenkova@gmail.com,3.3172338,64168738
5,681ddd24-d4a0-44d5-71bf-743056ac510e,1845,Lumivo,Lumivo UK GBP,2747,Lumivo API_Client,10,Complete,18,Online Study  ,3,Client Survey Entry,Sports study 2025 - UK Desktop Day 6,28526304,Sports study 2025 - UK,dc24059c97721579c5e147d247426342,681ddd24-d4a0-44d5-71bf-743056ac510e,o64omA1RvKg7iw1fx3SqqR2Z,7a50c4cb-cceb-4d03-8beb-4b4af6870166,2025-05-09T10:47:01.438Z,2025-05-09T11:05:14.195Z,18,685,Qmee,796,Qmee,Offerwall / Standalone,1052,United Kingdom (GB),English - United Kingdom,3.6507978,True,False,True,Veronica Penkova,veronicapenkova@gmail.com,3.6507978,64136502
6,681e3143-95a8-acb7-6f73-42ffda3eadf1,1845,Lumivo,Lumivo UK GBP,2747,Lumivo API_Client,26,Reconciled to Term - Completes Uploaded,18,Other Survey   ,3,Client Survey Entry,University Entry OJR 2025 PARENTS Day 6,28577122,University Entry OJR 2025 Lucid PARENTS,2faab857aa3f128b694cb12ca630fe56,681e3143-95a8-acb7-6f73-42ffda3eadf1,g7CsijNBSUaANgu2ruazoRDJ,9c8cb011-3f92-4600-9e0d-375a8469137e,2025-05-09T16:45:55.732Z,2025-05-09T16:58:16.222Z,12,685,Qmee,796,Qmee,Offerwall / Standalone,1052,United Kingdom (GB),English - United Kingdom,3.3172338,True,False,True,Veronica Penkova,veronicapenkova@gmail.com,3.3172338,64168738
7,681d0793-6d36-3266-d359-fea21d04cb05,1845,Lumivo,Lumivo UK GBP,2747,Lumivo API_Client,26,Reconciled to Term - Completes Uploaded,18,Online Study  ,3,Client Survey Entry,Sports study 2025 - UK Desktop Day 6,28526304,Sports study 2025 - UK,1a2d87d36c3264e81eba2b2624161596,681d0793-6d36-3266-d359-fea21d04cb05,4W3HMXAVMeujU1RDpkaWNrkE,5c6814a7-d94e-4f40-b46a-8a299e702cfe,2025-05-08T19:35:48.066Z,2025-05-08T19:55:44.942Z,19,685,Qmee,796,Qmee,Offerwall / Standalone,1052,United Kingdom (GB),English - United Kingdom,3.6507978,True,False,True,Veronica Penkova,veronicapenkova@gmail.com,3.6507978,64136502
8,681e55b6-9b76-29e0-7060-36726ff1e040,1845,Lumivo,Lumivo UK GBP,2747,Lumivo API_Client,26,Reconciled to Term - Completes Uploaded,18,Other Survey   ,3,Client Survey Entry,University Entry OJR 2025 PARENTS Day 6,28577122,University Entry OJR 2025 Lucid PARENTS,43b337d40eeba924b741880d4da87f63,681e55b6-9b76-29e0-7060-36726ff1e040,rUjrBkTRULUTvhx9yucXjiZe,17ce3921-ac62-431e-8517-73b81de78421,2025-05-09T19:21:27.334Z,2025-05-09T19:40:31.438Z,19,685,Qmee,796,Qmee,Offerwall / Standalone,1052,United Kingdom (GB),English - United Kingdom,3.3172338,True,False,True,Veronica Penkova,veronicapenkova@gmail.com,3.3172338,64168738
9,681d96cc-95ea-7d9b-1756-9cacd2fc5bb7,1845,Lumivo,Lumivo UK GBP,2747,Lumivo API_Client,26,Reconciled to Term - Completes Uploaded,18,Online Study  ,3,Client Survey Entry,Sports study 2025 - UK Desktop Day 6,28526304,Sports study 2025 - UK,cb7e76a8daba16599207b5b80eac0103,681d96cc-95ea-7d9b-1756-9cacd2fc5bb7,n83WkdxuKbpVc9XVfugD6TcB,4b96c7e1-2b0f-49c7-a3a4-863d6df67703,2025-05-09T05:46:53.012Z,2025-05-09T06:03:18.59Z,16,685,Qmee,796,Qmee,Offerwall / Standalone,1052,United Kingdom (GB),English - United Kingdom,3.6507978,True,False,True,Veronica Penkova,veronicapenkova@gmail.com,3.6507978,64136502
10,681e4ea2-8d40-ec83-9048-3cdc26758bdf,1845,Lumivo,Lumivo UK GBP,2747,Lumivo API_Client,26,Reconciled to Term - Completes Uploaded,18,Other Survey   ,3,Client Survey Entry,University Entry OJR 2025 PARENTS Day 6,28577122,University Entry OJR 2025 Lucid PARENTS,a32353ae0b9079b4cc53e61219cd5ac1,681e4ea2-8d40-ec83-9048-3cdc26758bdf,r86FxsR77vAUT11DbrnQjGwD,58921d28-ab00-4dc5-a469-417f7dcab1d1,2025-05-09T18:51:14.735Z,2025-05-09T19:07:27.891Z,16,685,Qmee,796,Qmee,Offerwall / Standalone,1052,United Kingdom (GB),English - United Kingdom,3.3172338,True,False,True,Veronica Penkova,veronicapenkova@gmail.com,3.3172338,64168738
11,681d9ab7-f3b7-c1f6-3b53-490a9cc66626,1845,Lumivo,Lumivo UK GBP,2747,Lumivo API_Client,26,Reconciled to Term - Completes Uploaded,18,Online Study  ,3,Client Survey Entry,Sports study 2025 - UK Desktop Day 6,28526304,Sports study 2025 - UK,06b6a266a77719956d567ee27e2f3761,681d9ab7-f3b7-c1f6-3b53-490a9cc66626,GAXz42iteSeoe1C9n2sBrrB1,e8743f0e-a00b-4f81-bba1-42d77cdad7ba,2025-05-09T06:03:35.862Z,2025-05-09T06:18:07.704Z,14,685,Qmee,796,Qmee,Offerwall / Standalone,1052,United Kingdom (GB),English - United Kingdom,3.6507978,True,False,True,Veronica Penkova,veronicapenkova@gmail.com,3.6507978,64136502
12,681e6fa2-b709-777d-8ea9-9ca7ffcd7c61,1845,Lumivo,Lumivo UK GBP,2747,Lumivo API_Client,26,Reconciled to Term - Completes Uploaded,30,Other Survey   ,3,Client Survey Entry,University Entry OJR 2025 PARENTS Day 6,28577122,University Entry OJR 2025 Lucid PARENTS,14737347,681e6f7c-620c-d63b-2b3e-882059e8bac0,7110820,f2029f26-c1aa-473f-8a54-c8b77c17dcef,2025-05-09T21:12:04.045Z,2025-05-09T21:28:16.962Z,16,1499,Trayistats AI - Link,3485,Trayistats AI - Link,Yield Management (Pulley),1873,United Kingdom (GB),English - United Kingdom,3.3172338,True,False,True,Veronica Penkova,veronicapenkova@gmail.com,3.3172338,64168738
13,681dc7df-6dc6-033f-33c2-5ff1140a63c4,1845,Lumivo,Lumivo UK GBP,2747,Lumivo API_Client,26,Reconciled to Term - Completes Uploaded,18,Online Study  ,3,Client Survey Entry,Sports study 2025 - UK Desktop Day 6,28526304,Sports study 2025 - UK,fd6c9a3b4c3c8a1cd7299190814e7b93,681dc7df-6dc6-033f-33c2-5ff1140a63c4,EQfAMnvgC51n8EqiGnWir21f,b78d8b9a-dd63-4932-9f3a-24db60e42471,2025-05-09T09:16:15.742Z,2025-05-09T09:26:24.824Z,10,685,Qmee,796,Qmee,Offerwall / Standalone,1052,United Kingdom (GB),English - United Kingdom,3.6507978,True,False,True,Veronica Penkova,veronicapenkova@gmail.com,3.6507978,64136502
14,681e298b-2bfc-347d-9150-15c7bfeaa788,1845,Lumivo,Lumivo UK GBP,2747,Lumivo API_Client,26,Reconciled to Term - Completes Uploaded,18,Other Survey   ,3,Client Survey Entry,University Entry OJR 2025 PARENTS Day 6,28577122,University Entry OJR 2025 Lucid PARENTS,811f44360baa4ee9e15fd5d117b3a0f6,681e298b-2bfc-347d-9150-15c7bfeaa788,KXCoq6auX3HVWVKcWx8SiMyf,1806b715-3e03-4400-b0a7-047efd7ef337,2025-05-09T16:13:00.272Z,2025-05-09T16:33:57.667Z,20,685,Qmee,796,Qmee,Offerwall / Standalone,1052,United Kingdom (GB),English - United Kingdom,3.3172338,True,False,True,Veronica Penkova,veronicapenkova@gmail.com,3.3172338,64168738
15,681dc80a-52f7-b0d3-e910-83d1688c244e,1845,Lumivo,Lumivo UK GBP,2747,Lumivo API_Client,26,Reconciled to Term - Completes Uploaded,18,Online Study  ,3,Client Survey Entry,Sports study 2025 - UK Desktop Day 6,28526304,Sports study 2025 - UK,40ee40cc0a5e063841c3e114e4ab6e77,681dc80a-52f7-b0d3-e910-83d1688c244e,r86FxsR77vAUT11DbrnQjGwD,92b8c8c2-135f-4f66-85fd-3323710c846a,2025-05-09T09:16:59.261Z,2025-05-09T09:32:11.187Z,15,685,Qmee,796,Qmee,Offerwall / Standalone,1052,United Kingdom (GB),English - United Kingdom,3.6507978,True,False,True,Veronica Penkova,veronicapenkova@gmail.com,3.6507978,64136502
16,681e2a53-c7c6-5270-d522-aea4cb3c1509,1845,Lumivo,Lumivo UK GBP,2747,Lumivo API_Client,26,Reconciled to Term - Completes Uploaded,18,Other Survey   ,3,Client Survey Entry,University Entry OJR 2025 PARENTS Day 6,28577122,University Entry OJR 2025 Lucid PARENTS,d30abf63ff8b4d1647395648e2283df4,681e2a53-c7c6-5270-d522-aea4cb3c1509,FWSgReGEEXY68eSbhkqC2opT,150df106-519d-43c4-9dc6-96b631e16fdc,2025-05-09T16:16:20.161Z,2025-05-09T16:40:51.888Z,24,685,Qmee,796,Qmee,Offerwall / Standalone,1052,United Kingdom (GB),English - United Kingdom,3.3172338,True,False,True,Veronica Penkova,veronicapenkova@gmail.com,3.3172338,64168738
17,681d049b-7a02-2839-01c1-430e782e7917,1845,Lumivo,Lumivo UK GBP,2747,Lumivo API_Client,26,Reconciled to Term - Completes Uploaded,18,Online Study  ,3,Client Survey Entry,Sports study 2025 - UK Desktop Day 6,28526304,Sports study 2025 - UK,c2c068e0222b7f27d3705fb3962f166b,681d049b-7a02-2839-01c1-430e782e7917,jBELFac3n24Di8neKGJXkNjw,a27616b2-9793-49c7-83cb-b48335e48ca4,2025-05-08T19:23:07.39Z,2025-05-08T19:34:18.055Z,11,685,Qmee,796,Qmee,Offerwall / Standalone,1052,United Kingdom (GB),English - United Kingdom,3.6507978,True,False,True,Veronica Penkova,veronicapenkova@gmail.com,3.6507978,64136502
18,681e4207-d4d5-b386-1b24-eae0d9d952b0,1845,Lumivo,Lumivo UK GBP,2747,Lumivo API_Client,26,Reconciled to Term - Completes Uploaded,18,Other Survey   ,3,Client Survey Entry,University Entry OJR 2025 PARENTS Day 6,28577122,University Entry OJR 2025 Lucid PARENTS,81b335e85542bc3d17d27c70544dc30c,681e4207-d4d5-b386-1b24-eae0d9d952b0,kL1vGQrn4ArVp8yUnSSgLaGF,61d1311c-9c55-485e-8b6f-4e5538ab4f0c,2025-05-09T17:57:27.838Z,2025-05-09T18:07:35.374Z,10,685,Qmee,796,Qmee,Offerwall / Standalone,1052,United Kingdom (GB),English - United Kingdom,3.3172338,True,False,True,Veronica Penkova,veronicapenkova@gmail.com,3.3172338,64168738
19,681ced23-b664-1820-ddc1-95ff37153c2d,1845,Lumivo,Lumivo UK GBP,2747,Lumivo API_Client,26,Reconciled to Term - Completes Uploaded,18,Online Study  ,3,Client Survey Entry,Sports study 2025 - UK Desktop Day 6,28526304,Sports study 2025 - UK,dfe0066ada542e9c1677ec5cbc92232f,681ced23-b664-1820-ddc1-95ff37153c2d,pzTGb6eJG1Uupjok42FzumGQ,5e823b6b-ec9d-4333-87e9-0cc5e7e65cff,2025-05-08T17:43:00.035Z,2025-05-08T17:54:57.664Z,11,685,Qmee,796,Qmee,Offerwall / Standalone,1052,United Kingdom (GB),English - United Kingdom,3.6507978,True,False,True,Veronica Penkova,veronicapenkova@gmail.com,3.6507978,64136502
20,681e2a09-8220-53fe-f6bb-385d977af3e0,1845,Lumivo,Lumivo UK GBP,2747,Lumivo API_Client,26,Reconciled to Term - Completes Uploaded,18,Other Survey   ,3,Client Survey Entry,University Entry OJR 2025 PARENTS Day 6,28577122,University Entry OJR 2025 Lucid PARENTS,c4c202660a37e338588e3c501e70372f,681e2a09-8220-53fe-f6bb-385d977af3e0,aaWdu9GTHacdgSqQV2KKQ2BS,7b0f04c5-479c-48fe-96a2-5b078654da47,2025-05-09T16:15:05.903Z,2025-05-09T16:23:38.165Z,8,685,Qmee,796,Qmee,Offerwall / Standalone,1052,United Kingdom (GB),English - United Kingdom,3.3172338,True,False,True,Veronica Penkova,veronicapenkova@gmail.com,3.3172338,64168738
21,681ceb2e-9408-8b4e-63c8-82467534fedd,1845,Lumivo,Lumivo UK GBP,2747,Lumivo API_Client,26,Reconciled to Term - Completes Uploaded,18,Online Study  ,3,Client Survey Entry,Sports study 2025 - UK Desktop Day 6,28526304,Sports study 2025 - UK,9cf60e667faa15c2d36dea286d2d45c6,681ceb2e-9408-8b4e-63c8-82467534fedd,3fXKQpxEd4hWV51abFEcwK16,4b8402e9-fb63-4e0a-9122-c372bc3a5734,2025-05-08T17:34:39.068Z,2025-05-08T18:12:35.686Z,37,685,Qmee,796,Qmee,Offerwall / Standalone,1052,United Kingdom (GB),English - United Kingdom,3.6507978,True,False,True,Veronica Penkova,veronicapenkova@gmail.com,3.6507978,64136502
22,681e3646-7f7f-c30d-dd51-443e8e44bcfc,1845,Lumivo,Lumivo UK GBP,2747,Lumivo API_Client,26,Reconciled to Term - Completes Uploaded,18,Other Survey   ,3,Client Survey Entry,University Entry OJR 2025 PARENTS Day 6,28577122,University Entry OJR 2025 Lucid PARENTS,b3384106d375faa1838f708d1cf93336,681e3646-7f7f-c30d-dd51-443e8e44bcfc,88uxr5WvwF9xWMexMeaGRk1r,dd9d7960-9961-4010-96a0-6718f88c7fa9,2025-05-09T17:07:18.849Z,2025-05-09T17:23:21.601Z,16,685,Qmee,796,Qmee,Offerwall / Standalone,1052,United Kingdom (GB),English - United Kingdom,3.3172338,True,False,True,Veronica Penkova,veronicapenkova@gmail.com,3.3172338,64168738
23,681d22a8-6c12-9f6a-f13b-eb52b3fdc6a9,1845,Lumivo,Lumivo UK GBP,2747,Lumivo API_Client,26,Reconciled to Term - Completes Uploaded,18,Online Study  ,3,Client Survey Entry,Sports study 2025 - UK Desktop Day 6,28526304,Sports study 2025 - UK,10eef44b8b5539c6f5096e3111cab886,681d22a8-6c12-9f6a-f13b-eb52b3fdc6a9,zgastwicjbBacB7oFwR2unfu,15eaefd2-96d7-4246-8e9d-f8e6d248e195,2025-05-08T21:31:20.762Z,2025-05-08T21:48:53.831Z,17,685,Qmee,796,Qmee,Offerwall / Standalone,1052,United Kingdom (GB),English - United Kingdom,3.6507978,True,False,True,Veronica Penkova,veronicapenkova@gmail.com,3.6507978,64136502
24,681e7d7a-cd12-15e9-78c9-5e7752a2fed8,1845,Lumivo,Lumivo UK GBP,2747,Lumivo API_Client,26,Reconciled to Term - Completes Uploaded,18,Other Survey   ,3,Client Survey Entry,University Entry OJR 2025 PARENTS Day 6,28577122,University Entry OJR 2025 Lucid PARENTS,dada6683da4de5e30640fe1ac6665fe1,681e7d7a-cd12-15e9-78c9-5e7752a2fed8,pcU3RTBhYmYjptW8DsADzUA4,7c9796d6-e3d5-4f9d-8b0d-122b68c039fb,2025-05-09T22:11:06.797Z,2025-05-09T22:32:08.566Z,21,685,Qmee,796,Qmee,Offerwall / Standalone,1052,United Kingdom (GB),English - United Kingdom,3.3172338,True,False,True,Veronica Penkova,veronicapenkova@gmail.com,3.3172338,64168738
25,681ce5d4-cac8-fccb-ed86-1601abecccae,1845,Lumivo,Lumivo UK GBP,2747,Lumivo API_Client,26,Reconciled to Term - Completes Uploaded,18,Online Study  ,3,Client Survey Entry,Sports study 2025 - UK Desktop Day 6,28526304,Sports study 2025 - UK,576e465290ce59affdc6488c7b8ee2da,681ce5d4-cac8-fccb-ed86-1601abecccae,Rz9Y2PLPKhyzRqABazxmWJ6x,6297a832-2831-4cca-a56e-c96ea1350180,2025-05-08T17:11:49.039Z,2025-05-08T17:20:06.801Z,8,685,Qmee,796,Qmee,Offerwall / Standalone,1052,United Kingdom (GB),English - United Kingdom,3.6507978,True,False,True,Veronica Penkova,veronicapenkova@gmail.com,3.6507978,64136502
26,681e3b78-3afd-a628-454c-57bc241ce0ca,1845,Lumivo,Lumivo UK GBP,2747,Lumivo API_Client,26,Reconciled to Term - Completes Uploaded,18,Other Survey   ,3,Client Survey Entry,University Entry OJR 2025 PARENTS Day 6,28577122,University Entry OJR 2025 Lucid PARENTS,f9f60828dfc783256cd0000105628f9a,681e3b78-3afd-a628-454c-57bc241ce0ca,e6E4bmHHNsNbSz1XAYAmu4uE,c026ee61-0263-4dfa-8eae-e4311fd7de51,2025-05-09T17:29:30.753Z,2025-05-09T17:46:15.454Z,16,685,Qmee,796,Qmee,Offerwall / Standalone,1052,United Kingdom (GB),English - United Kingdom,3.3172338,True,False,True,Veronica Penkova,veronicapenkova@gmail.com,3.3172338,64168738
27,681d9f95-c0a0-2611-6385-7c639768e519,1845,Lumivo,Lumivo UK GBP,2747,Lumivo API_Client,26,Reconciled to Term - Completes Uploaded,18,Online Study  ,3,Client Survey Entry,Sports study 2025 - UK Desktop Day 6,28526304,Sports study 2025 - UK,643236ddcb4f113c2e69fba1650e803b,681d9f95-c0a0-2611-6385-7c639768e519,EvtvoQnvdPa3ZCBLEyT6Yw5d,776deb83-73de-49af-bfff-a9b2be31a3f5,2025-05-09T06:24:21.34Z,2025-05-09T06:36:05.171Z,11,685,Qmee,796,Qmee,Offerwall / Standalone,1052,United Kingdom (GB),English - United Kingdom,3.6507978,True,False,True,Veronica Penkova,veronicapenkova@gmail.com,3.6507978,64136502
28,681e4039-c429-0f11-fc30-74d84df87509,1845,Lumivo,Lumivo UK GBP,2747,Lumivo API_Client,26,Reconciled to Term - Completes Uploaded,18,Other Survey   ,3,Client Survey Entry,University Entry OJR 2025 PARENTS Day 6,28577122,University Entry OJR 2025 Lucid PARENTS,2b96bed64286d5ac72ade14da7f55c41,681e4039-c429-0f11-fc30-74d84df87509,Md4GtL9BuqcLk7coXNp5Pnoc,3cde9e0f-7b03-4f02-86b0-25162668cb34,2025-05-09T17:49:46.29Z,2025-05-09T18:02:02.605Z,12,685,Qmee,796,Qmee,Offerwall / Standalone,1052,United Kingdom (GB),English - United Kingdom,3.3172338,True,False,True,Veronica Penkova,veronicapenkova@gmail.com,3.3172338,64168738
29,681d081e-4646-66fb-e76b-8bdcf9ce3623,1845,Lumivo,Lumivo UK GBP,2747,Lumivo API_Client,26,Reconciled to Term - Completes Uploaded,18,Online Study  ,3,Client Survey Entry,Sports study 2025 - UK Desktop Day 6,28526304,Sports study 2025 - UK,0aafcdbbd63033e2cd6b36d003ddd367,681d081e-4646-66fb-e76b-8bdcf9ce3623,PeEyzQYtu5AMSFR2sEB1U1gC,97a46036-237e-40b2-bcc5-529cae19b8fe,2025-05-08T19:38:06.651Z,2025-05-08T19:54:03.041Z,15,685,Qmee,796,Qmee,Offerwall / Standalone,1052,United Kingdom (GB),English - United Kingdom,3.6507978,True,False,True,Veronica Penkova,veronicapenkova@gmail.com,3.6507978,64136502
30,681e3a0a-a2ef-10d0-0759-6c61616d868f,1845,Lumivo,Lumivo UK GBP,2747,Lumivo API_Client,26,Reconciled to Term - Completes Uploaded,18,Other Survey   ,3,Client Survey Entry,University Entry OJR 2025 PARENTS Day 6,28577122,University Entry OJR 2025 Lucid PARENTS,6e51ab171b160d3fd6af9ca7393cf842,681e3a0a-a2ef-10d0-0759-6c61616d868f,ZeEnc2dnGvA7pZbq6R8NBDQZ,c3d48bef-1c3f-4491-9680-39c7d0240ea3,2025-05-09T17:23:23.346Z,2025-05-09T17:38:11.865Z,14,685,Qmee,796,Qmee,Offerwall / Standalone,1052,United Kingdom (GB),English - United Kingdom,3.3172338,True,False,True,Veronica Penkova,veronicapenkova@gmail.com,3.3172338,64168738
31,681d31fd-41d3-4a5a-7f60-4d61bd0aed46,1845,Lumivo,Lumivo UK GBP,2747,Lumivo API_Client,26,Reconciled to Term - Completes Uploaded,18,Online Study  ,3,Client Survey Entry,Sports study 2025 - UK Desktop Day 6,28526304,Sports study 2025 - UK,b293bdde473fc27eaebc1ef4486290d7,681d31fd-41d3-4a5a-7f60-4d61bd0aed46,zDsg8HjKQ9hpofmoZAPUQNrC,a20acfdc-242f-431f-aae5-f7faf1ff2f0e,2025-05-08T22:36:45.88Z,2025-05-08T22:54:31.75Z,17,685,Qmee,796,Qmee,Offerwall / Standalone,1052,United Kingdom (GB),English - United Kingdom,3.6507978,True,False,True,Veronica Penkova,veronicapenkova@gmail.com,3.6507978,64136502
32,681e5530-a519-c642-6005-1e86568be645,1845,Lumivo,Lumivo UK GBP,2747,Lumivo API_Client,26,Reconciled to Term - Completes Uploaded,18,Other Survey   ,3,Client Survey Entry,University Entry OJR 2025 PARENTS Day 6,28577122,University Entry OJR 2025 Lucid PARENTS,4aafc6c1e4938c5c4590090914bbbce9,681e5530-a519-c642-6005-1e86568be645,TD2zf8dDeWkc2pdHJ7MmofFF,3f3f748a-8fe8-463d-b7d5-8f9396dc902e,2025-05-09T19:19:12.754Z,2025-05-09T19:34:11.848Z,14,685,Qmee,796,Qmee,Offerwall / Standalone,1052,United Kingdom (GB),English - United Kingdom,3.3172338,True,False,True,Veronica Penkova,veronicapenkova@gmail.com,3.3172338,64168738
33,681d06d6-3bfb-14e1-2d40-681504026f99,1845,Lumivo,Lumivo UK GBP,2747,Lumivo API_Client,26,Reconciled to Term - Completes Uploaded,18,Online Study  ,3,Client Survey Entry,Sports study 2025 - UK Desktop Day 6,28526304,Sports study 2025 - UK,05da864b7e141ad60b8c91e18d804bbd,681d06d6-3bfb-14e1-2d40-681504026f99,VYVfnymTAEr7dZyQgJptVpvk,76c53e7d-1b73-45f9-8d50-21f9cbff0c52,2025-05-08T19:32:39.089Z,2025-05-08T19:41:24.837Z,8,685,Qmee,796,Qmee,Offerwall / Standalone,1052,United Kingdom (GB),English - United Kingdom,3.6507978,True,False,True,Veronica Penkova,veronicapenkova@gmail.com,3.6507978,64136502
34,681e4d8d-e63d-d9bd-a758-4c96cfe513b9,1845,Lumivo,Lumivo UK GBP,2747,Lumivo API_Client,26,Reconciled to Term - Completes Uploaded,18,Other Survey   ,3,Client Survey Entry,University Entry OJR 2025 PARENTS Day 6,28577122,University Entry OJR 2025 Lucid PARENTS,0252d8224d67707aef5118833b4892b8,681e4d8d-e63d-d9bd-a758-4c96cfe513b9,evJmFy69Qc3Rtw1ZQeAB4vZZ,cfd27c23-02a6-40b9-87b0-4c331c8ceded,2025-05-09T18:46:37.934Z,2025-05-09T19:02:24.095Z,15,685,Qmee,796,Qmee,Offerwall / Standalone,1052,United Kingdom (GB),English - United Kingdom,3.3172338,True,False,True,Veronica Penkova,veronicapenkova@gmail.com,3.3172338,64168738
35,681dde27-0903-3f81-bf28-c8e853e87317,1845,Lumivo,Lumivo UK GBP,2747,Lumivo API_Client,26,Reconciled to Term - Completes Uploaded,30,Online Study  ,3,Client Survey Entry,Sports study 2025 - UK Desktop Day 6,28526304,Sports study 2025 - UK,14722452,681dddc6-6aaa-ae6d-4007-c69387c4bebc,7123334,d3363aa9-0acb-4ae5-b96d-725a76b35f8a,2025-05-09T10:51:20.054Z,2025-05-09T10:59:44.197Z,8,1499,Trayistats AI - Link,3485,Trayistats AI - Link,Yield Management (Pulley),1873,United Kingdom (GB),English - United Kingdom,3.6507978,True,False,True,Veronica Penkova,veronicapenkova@gmail.com,3.6507978,64136502
36,681e5b6a-5be5-c268-abb1-faf26ac86e04,1845,Lumivo,Lumivo UK GBP,2747,Lumivo API_Client,26,Reconciled to Term - Completes Uploaded,18,Other Survey   ,3,Client Survey Entry,University Entry OJR 2025 PARENTS Day 6,28577122,University Entry OJR 2025 Lucid PARENTS,edfaed000d004bce6c01b22a9c416746,681e5b6a-5be5-c268-abb1-faf26ac86e04,zgastwicjbBacB7oFwR2unfu,502a6040-1473-4a5e-969d-7f906bedf2a3,2025-05-09T19:45:48.46Z,2025-05-09T20:07:14.851Z,21,685,Qmee,796,Qmee,Offerwall / Standalone,1052,United Kingdom (GB),English - United Kingdom,3.3172338,True,False,True,Veronica Penkova,veronicapenkova@gmail.com,3.3172338,64168738
37,681cedb2-86b7-e943-470a-62da16b350a5,1845,Lumivo,Lumivo UK GBP,2747,Lumivo API_Client,26,Reconciled to Term - Completes Uploaded,18,Online Study  ,3,Client Survey Entry,Sports study 2025 - UK Desktop Day 6,28526304,Sports study 2025 - UK,5d4fc8b79306c5d8c2b1f55d4c699026,681cedb2-86b7-e943-470a-62da16b350a5,6MwyxVeiEFVc8CrURsX8YWg3,a69282e9-d167-43fc-bd56-c7c3ce200bf6,2025-05-08T17:45:23.124Z,2025-05-08T18:01:38.838Z,16,685,Qmee,796,Qmee,Offerwall / Standalone,1052,United Kingdom (GB),English - United Kingdom,3.6507978,True,False,True,Veronica Penkova,veronicapenkova@gmail.com,3.6507978,64136502
38,681e48a1-a121-6c09-d38a-21af66a2889e,1845,Lumivo,Lumivo UK GBP,2747,Lumivo API_Client,26,Reconciled to Term - Completes Uploaded,18,Other Survey   ,3,Client Survey Entry,University Entry OJR 2025 PARENTS Day 6,28577122,University Entry OJR 2025 Lucid PARENTS,a1a38c871373fc6d9a9b0535d764d0d8,681e48a1-a121-6c09-d38a-21af66a2889e,7L3kTXPVvbDT1Sdej69nBAUt,cdc41721-7bb7-4049-b5c8-18f325529615,2025-05-09T18:25:39.472Z,2025-05-09T18:38:59.203Z,13,685,Qmee,796,Qmee,Offerwall / Standalone,1052,United Kingdom (GB),English - United Kingdom,3.3172338,True,False,True,Veronica Penkova,veronicapenkova@gmail.com,3.3172338,64168738
39,681dc0a7-d60a-8232-7077-95aa2e805b9f,1845,Lumivo,Lumivo UK GBP,2747,Lumivo API_Client,26,Reconciled to Term - Completes Uploaded,18,Online Study  ,3,Client Survey Entry,Sports study 2025 - UK Desktop Day 6,28526304,Sports study 2025 - UK,e0ac97d5011a962a7fca5b05e74cbace,681dc0a7-d60a-8232-7077-95aa2e805b9f,g7CsijNBSUaANgu2ruazoRDJ,3edd2776-601b-4b9c-9be2-cf2023023276,2025-05-09T08:45:28.054Z,2025-05-09T08:54:38.49Z,9,685,Qmee,796,Qmee,Offerwall / Standalone,1052,United Kingdom (GB),English - United Kingdom,3.6507978,True,False,True,Veronica Penkova,veronicapenkova@gmail.com,3.6507978,64136502
40,681e6454-e4ed-a4f5-aba7-df9102814afc,1845,Lumivo,Lumivo UK GBP,2747,Lumivo API_Client,26,Reconciled to Term - Completes Uploaded,18,Other Survey   ,3,Client Survey Entry,University Entry OJR 2025 PARENTS Day 6,28577122,University Entry OJR 2025 Lucid PARENTS,05a43353bc336799b8da7a71979ca061,681e6454-e4ed-a4f5-aba7-df9102814afc,fsY9gVnWKQViZUYU6bDgFJbc,a9a184e0-85fe-4002-8bf2-3dc418eaece4,2025-05-09T20:23:48.964Z,2025-05-09T20:49:17.492Z,25,685,Qmee,796,Qmee,Offerwall / Standalone,1052,United Kingdom (GB),English - United Kingdom,3.3172338,True,False,True,Veronica Penkova,veronicapenkova@gmail.com,3.3172338,64168738
41,681ceb42-985f-50e6-2362-130a0ff81e6e,1845,Lumivo,Lumivo UK GBP,2747,Lumivo API_Client,26,Reconciled to Term - Completes Uploaded,18,Online Study  ,3,Client Survey Entry,Sports study 2025 - UK Desktop Day 6,28526304,Sports study 2025 - UK,a6bcab2103fe9e125d85179010b6f050,681ceb42-985f-50e6-2362-130a0ff81e6e,QNfoswVttibGUE8RJymWkqBh,fc7fb449-89b0-485e-8572-6739e66a141f,2025-05-08T17:34:59.354Z,2025-05-08T18:12:58.903Z,37,685,Qmee,796,Qmee,Offerwall / Standalone,1052,United Kingdom (GB),English - United Kingdom,3.6507978,True,False,True,Veronica Penkova,veronicapenkova@gmail.com,3.6507978,64136502
42,681e24fe-7966-aeba-b63e-0f7f9a1ae313,1845,Lumivo,Lumivo UK GBP,2747,Lumivo API_Client,26,Reconciled to Term - Completes Uploaded,18,Other Survey   ,3,Client Survey Entry,University Entry OJR 2025 PARENTS Day 6,28577122,University Entry OJR 2025 Lucid PARENTS,e19805f17b813dd0f72b884529b65718,681e24fe-7966-aeba-b63e-0f7f9a1ae313,ZFRSR7GcXeaNuQNb18eypec4,48b162b6-25bc-4c35-99c9-45f9ca19ceb1,2025-05-09T15:53:34.678Z,2025-05-09T16:01:30.433Z,7,685,Qmee,796,Qmee,Offerwall / Standalone,1052,United Kingdom (GB),English - United Kingdom,3.3172338,True,False,True,Veronica Penkova,veronicapenkova@gmail.com,3.3172338,64168738
43,681cfd1c-118c-0785-0c94-0757f413448b,1845,Lumivo,Lumivo UK GBP,2747,Lumivo API_Client,26,Reconciled to Term - Completes Uploaded,18,Online Study  ,3,Client Survey Entry,Sports study 2025 - UK Desktop Day 6,28526304,Sports study 2025 - UK,21f1690804209e0b2935d0886363d412,681cfd1c-118c-0785-0c94-0757f413448b,JCESiZwCiTw5HsjqNAE4tdBV,6990e5d5-04fa-4341-98cb-1d40d903a6aa,2025-05-08T18:51:08.888Z,2025-05-08T19:07:03.738Z,15,685,Qmee,796,Qmee,Offerwall / Standalone,1052,United Kingdom (GB),English - United Kingdom,3.6507978,True,False,True,Veronica Penkova,veronicapenkova@gmail.com,3.6507978,64136502
44,681ec900-a449-6749-1f15-a37a6940f049,1845,Lumivo,Lumivo UK GBP,2747,Lumivo API_Client,26,Reconciled to Term - Completes Uploaded,18,Other Survey   ,3,Client Survey Entry,University Entry OJR 2025 PARENTS Day 6,28577122,University Entry OJR 2025 Lucid PARENTS,d1d86ce5b83871afaffbc413f183bcff,681ec900-a449-6749-1f15-a37a6940f049,ZywWBkxWeLS343hgUty8yhM2,5d243689-68ef-4b49-8b7c-ff26b7e848f6,2025-05-10T03:33:20.672Z,2025-05-10T03:45:24.131Z,12,685,Qmee,796,Qmee,Offerwall / Standalone,1052,United Kingdom (GB),English - United Kingdom,3.3172338,True,False,True,Veronica Penkova,veronicapenkova@gmail.com,3.3172338,64168738
45,681cf71c-e5d1-35f1-72d5-cbe9cf338cff,1845,Lumivo,Lumivo UK GBP,2747,Lumivo API_Client,26,Reconciled to Term - Completes Uploaded,30,Online Study  ,3,Client Survey Entry,Sports study 2025 - UK Desktop Day 6,28526304,Sports study 2025 - UK,14700603,681cf70d-d0f9-740a-0105-a750915371f8,7110820,d40a2df1-15c1-48a4-89cb-f298ffeabd03,2025-05-08T18:25:33.457Z,2025-05-08T18:43:27.242Z,17,1499,Trayistats AI - Link,3485,Trayistats AI - Link,Yield Management (Pulley),1873,United Kingdom (GB),English - United Kingdom,3.6507978,True,False,True,Veronica Penkova,veronicapenkova@gmail.com,3.6507978,64136502
46,681e25d8-2794-3065-567c-557934edd86a,1845,Lumivo,Lumivo UK GBP,2747,Lumivo API_Client,26,Reconciled to Term - Completes Uploaded,18,Other Survey   ,3,Client Survey Entry,University Entry OJR 2025 PARENTS Day 6,28577122,University Entry OJR 2025 Lucid PARENTS,0dad7f2268aec25280cfd38501728fe4,681e25d8-2794-3065-567c-557934edd86a,y4QRWcCqxdrNjpva6c47jHtK,9b7a3e0e-7131-4602-954c-86509368e37f,2025-05-09T15:57:13.339Z,2025-05-09T16:10:53.073Z,13,685,Qmee,796,Qmee,Offerwall / Standalone,1052,United Kingdom (GB),English - United Kingdom,3.3172338,True,False,True,Veronica Penkova,veronicapenkova@gmail.com,3.3172338,64168738
47,681d2ce1-dbda-faeb-26b7-3ff9335040be,1845,Lumivo,Lumivo UK GBP,2747,Lumivo API_Client,26,Reconciled to Term - Completes Uploaded,18,Online Study  ,3,Client Survey Entry,Sports study 2025 - UK Desktop Day 6,28526304,Sports study 2025 - UK,3273c25652e98ab40579a1187b29f61a,681d2ce1-dbda-faeb-26b7-3ff9335040be,M15auXk7vjFNMpukqHb3Dq9F,62f6b3b0-d130-440c-82a6-e33d77cf85e9,2025-05-08T22:14:58.406Z,2025-05-08T22:28:12.89Z,13,685,Qmee,796,Qmee,Offerwall / Standalone,1052,United Kingdom (GB),English - United Kingdom,3.6507978,True,False,True,Veronica Penkova,veronicapenkova@gmail.com,3.6507978,64136502
48,681e4232-c05c-932a-6093-8968c54a439d,1845,Lumivo,Lumivo UK GBP,2747,Lumivo API_Client,26,Reconciled to Term - Completes Uploaded,18,Other Survey   ,3,Client Survey Entry,University Entry OJR 2025 PARENTS Day 6,28577122,University Entry OJR 2025 Lucid PARENTS,ac9d7cf84b770c40103e5fdacb22fe7a,681e4232-c05c-932a-6093-8968c54a439d,NUhCHR6PiN1qpdEnVgVTc5YY,4462c6ab-6b94-44f3-a639-ab5f0300324d,2025-05-09T17:58:11.779Z,2025-05-09T18:09:30.246Z,11,685,Qmee,796,Qmee,Offerwall / Standalone,1052,United Kingdom (GB),English - United Kingdom,3.3172338,True,False,True,Veronica Penkova,veronicapenkova@gmail.com,3.3172338,64168738
49,681cefe2-94d1-cfbc-722e-5199160ec19a,1845,Lumivo,Lumivo UK GBP,2747,Lumivo API_Client,26,Reconciled to Term - Completes Uploaded,18,Online Study  ,3,Client Survey Entry,Sports study 2025 - UK Desktop Day 6,28526304,Sports study 2025 - UK,cfec981df73cd554c7551d95e0369527,681cefe2-94d1-cfbc-722e-5199160ec19a,Ybpj29UHwDs8f3vQVWc4eJZz,0d5c9c30-f07b-43fb-9fff-31c0b2dfd6b0,2025-05-08T17:54:43.014Z,2025-05-08T18:17:15.517Z,22,685,Qmee,796,Qmee,Offerwall / Standalone,1052,United Kingdom (GB),English - United Kingdom,3.6507978,True,False,True,Veronica Penkova,veronicapenkova@gmail.com,3.6507978,64136502
50,681e8eb0-a0df-9931-31c8-35b69a99373a,1845,Lumivo,Lumivo UK GBP,2747,Lumivo API_Client,26,Reconciled to Term - Completes Uploaded,18,Other Survey   ,3,Client Survey Entry,University Entry OJR 2025 PARENTS Day 6,28577122,University Entry OJR 2025 Lucid PARENTS,42d5d40cf708a172feefd0fcdfabbd17,681e8eb0-a0df-9931-31c8-35b69a99373a,ZcMuFkoJMdymijNAk78BETNa,407df7d3-2d71-4c27-bfcc-15fbe51beee2,2025-05-09T23:24:32.472Z,2025-05-09T23:35:36.34Z,11,685,Qmee,796,Qmee,Offerwall / Standalone,1052,United Kingdom (GB),English - United Kingdom,3.3172338,True,False,True,Veronica Penkova,veronicapenkova@gmail.com,3.3172338,64168738
51,681dd9ae-cb9f-d45c-9037-80ed709774e4,1845,Lumivo,Lumivo UK GBP,2747,Lumivo API_Client,26,Reconciled to Term - Completes Uploaded,30,Online Study  ,3,Client Survey Entry,Sports study 2025 - UK Desktop Day 6,28526304,Sports study 2025 - UK,103196_202559113018_0_3,681dd9a7-65da-9ff3-df94-4da4c143caa3,103196,0fb25902-4f5d-4b4f-8398-04af6cb57513,2025-05-09T10:32:15.444Z,2025-05-09T11:54:36.962Z,82,591,Walnut Unlimited - Link,2793,Walnut Unlimited - Link,Yield Management (Pulley),1709,United Kingdom (GB),English - United Kingdom,3.6507978,True,False,True,Veronica Penkova,veronicapenkova@gmail.com,3.6507978,64136502
52,681e60d0-75d6-9116-af58-368ef9a0989d,1845,Lumivo,Lumivo UK GBP,2747,Lumivo API_Client,26,Reconciled to Term - Completes Uploaded,18,Other Survey   ,3,Client Survey Entry,University Entry OJR 2025 PARENTS Day 6,28577122,University Entry OJR 2025 Lucid PARENTS,8a0f0f611c5210ae3f43165e0397b8a1,681e60d0-75d6-9116-af58-368ef9a0989d,DKYSmSWCBmTNM5GF73ifg7Qr,39a087b7-3f04-4830-aa53-6c00422d6380,2025-05-09T20:08:50.972Z,2025-05-09T20:19:13.978Z,10,685,Qmee,796,Qmee,Offerwall / Standalone,1052,United Kingdom (GB),English - United Kingdom,3.3172338,True,False,True,Veronica Penkova,veronicapenkova@gmail.com,3.3172338,64168738
53,681cf852-f8d4-c7cd-6cf7-2ae045c99283,1845,Lumivo,Lumivo UK GBP,2747,Lumivo API_Client,26,Reconciled to Term - Completes Uploaded,18,Online Study  ,3,Client Survey Entry,Sports study 2025 - UK Desktop Day 6,28526304,Sports study 2025 - UK,47ed1953fd4ff0243b95e8ab2d55b30e,681cf852-f8d4-c7cd-6cf7-2ae045c99283,ABfBuiBbi9kc7dmyXFYTDejP,2a4f0ed0-6589-4aab-9425-ed651a84d759,2025-05-08T18:30:43.343Z,2025-05-08T18:44:52.114Z,14,685,Qmee,796,Qmee,Offerwall / Standalone,1052,United Kingdom (GB),English - United Kingdom,3.6507978,True,False,True,Veronica Penkova,veronicapenkova@gmail.com,3.6507978,64136502
54,681e4352-a26b-b67a-6d8b-e01ce47011d5,1845,Lumivo,Lumivo UK GBP,2747,Lumivo API_Client,26,Reconciled to Term - Completes Uploaded,18,Other Survey   ,3,Client Survey Entry,University Entry OJR 2025 PARENTS Day 6,28577122,University Entry OJR 2025 Lucid PARENTS,d28267f9ce4178b5f62804ab29143307,681e4352-a26b-b67a-6d8b-e01ce47011d5,tgeF7e5DsgCdSnz3WNfK1kLf,6d74bb95-ab52-4b5a-90e2-2592610ea3cb,2025-05-09T18:02:59.002Z,2025-05-09T18:20:53.337Z,17,685,Qmee,796,Qmee,Offerwall / Standalone,1052,United Kingdom (GB),English - United Kingdom,3.3172338,True,False,True,Veronica Penkova,veronicapenkova@gmail.com,3.3172338,64168738
55,681cfd9c-e1ef-efad-a258-d5cf696d741b,1845,Lumivo,Lumivo UK GBP,2747,Lumivo API_Client,26,Reconciled to Term - Completes Uploaded,18,Online Study  ,3,Client Survey Entry,Sports study 2025 - UK Desktop Day 6,28526304,Sports study 2025 - UK,749ed4adef6caabc89643aa0cefca1a3,681cfd9c-e1ef-efad-a258-d5cf696d741b,dGaJseP6BP2BviRDaV9CB6gK,fb39a0a3-29c2-4a50-9758-0cfd9b546ec7,2025-05-08T18:53:17.339Z,2025-05-08T19:09:17.358Z,16,685,Qmee,796,Qmee,Offerwall / Standalone,1052,United Kingdom (GB),English - United Kingdom,3.6507978,True,False,True,Veronica Penkova,veronicapenkova@gmail.com,3.6507978,64136502
56,681e4f15-a69e-7058-1956-25b0ead3d860,1845,Lumivo,Lumivo UK GBP,2747,Lumivo API_Client,26,Reconciled to Term - Completes Uploaded,18,Other Survey   ,3,Client Survey Entry,University Entry OJR 2025 PARENTS Day 6,28577122,University Entry OJR 2025 Lucid PARENTS,731e9ae349da8ec9bbdb52435059fdcc,681e4f15-a69e-7058-1956-25b0ead3d860,Yhaz59vd2XdRoNR24q1nrkGt,bc7a21df-5137-4b71-aec6-58ba0b20f5f7,2025-05-09T18:53:09.401Z,2025-05-09T19:19:07.777Z,25,685,Qmee,796,Qmee,Offerwall / Standalone,1052,United Kingdom (GB),English - United Kingdom,3.3172338,True,False,True,Veronica Penkova,veronicapenkova@gmail.com,3.3172338,64168738
57,681d9361-5ada-adcb-362e-de9500d28053,1845,Lumivo,Lumivo UK GBP,2747,Lumivo API_Client,26,Reconciled to Term - Completes Uploaded,18,Online Study  ,3,Client Survey Entry,Sports study 2025 - UK Desktop Day 6,28526304,Sports study 2025 - UK,b9a05707ef64845e7547692f99bd0368,681d9361-5ada-adcb-362e-de9500d28053,QJsfVtfdWy6UteLHbDiNfQD3,d22a0c42-3443-4f22-a0f1-20a67c4a09ed,2025-05-09T05:32:17.848Z,2025-05-09T05:46:51.19Z,14,685,Qmee,796,Qmee,Offerwall / Standalone,1052,United Kingdom (GB),English - United Kingdom,3.6507978,True,False,True,Veronica Penkova,veronicapenkova@gmail.com,3.6507978,64136502
58,681e8655-81f8-acc8-138a-14253bd33104,1845,Lumivo,Lumivo UK GBP,2747,Lumivo API_Client,26,Reconciled to Term - Completes Uploaded,18,Other Survey   ,3,Client Survey Entry,University Entry OJR 2025 PARENTS Day 6,28577122,University Entry OJR 2025 Lucid PARENTS,7eb28acd8346370a55b036afa228795f,681e8655-81f8-acc8-138a-14253bd33104,W9dCCGSDnQAWa4HBricHZwSQ,27edeee4-6aea-4289-8ba3-64ac92c91c0b,2025-05-09T22:48:54.23Z,2025-05-09T23:04:37.21Z,15,685,Qmee,796,Qmee,Offerwall / Standalone,1052,United Kingdom (GB),English - United Kingdom,3.3172338,True,False,True,Veronica Penkova,veronicapenkova@gmail.com,3.3172338,64168738
59,681d2449-d314-504c-b2bb-4ce5f24c3e5b,1845,Lumivo,Lumivo UK GBP,2747,Lumivo API_Client,26,Reconciled to Term - Completes Uploaded,18,Online Study  ,3,Client Survey Entry,Sports study 2025 - UK Desktop Day 6,28526304,Sports study 2025 - UK,a8aa2edb2f1cb6cdb32a3bf9fd11d83f,681d2449-d314-504c-b2bb-4ce5f24c3e5b,SpTcH3Dpiuy9vXupjJsM9zZ9,a132fc00-1ca6-4548-b18f-5c2fbbca3fa4,2025-05-08T21:38:17.756Z,2025-05-08T21:51:11.851Z,12,685,Qmee,796,Qmee,Offerwall / Standalone,1052,United Kingdom (GB),English - United Kingdom,3.6507978,True,False,True,Veronica Penkova,veronicapenkova@gmail.com,3.6507978,64136502
60,681e57f2-54bd-3ee8-910e-d26b40d7aa06,1845,Lumivo,Lumivo UK GBP,2747,Lumivo API_Client,26,Reconciled to Term - Completes Uploaded,18,Other Survey   ,3,Client Survey Entry,University Entry OJR 2025 PARENTS Day 6,28577122,University Entry OJR 2025 Lucid PARENTS,e080864b57727238b11a76baf689aa47,681e57f2-54bd-3ee8-910e-d26b40d7aa06,inAaVzv9D9spyW2ny8YDRL2X,f6d5f2e8-b497-486f-b2d8-6ef83707e92a,2025-05-09T19:30:59.406Z,2025-05-09T19:45:23.743Z,14,685,Qmee,796,Qmee,Offerwall / Standalone,1052,United Kingdom (GB),English - United Kingdom,3.3172338,True,False,True,Veronica Penkova,veronicapenkova@gmail.com,3.3172338,64168738
61,681d170f-760c-30ad-d205-9ae457319606,1845,Lumivo,Lumivo UK GBP,2747,Lumivo API_Client,26,Reconciled to Term - Completes Uploaded,18,Online Study  ,3,Client Survey Entry,Sports study 2025 - UK Desktop Day 6,28526304,Sports study 2025 - UK,e08f5b1dd9ab67f393833b5981ecd85a,681d170f-760c-30ad-d205-9ae457319606,tq6w2gEMtZYmJ1e1Guoxo599,898ae35c-439b-45f8-8ae8-555da33f0c51,2025-05-08T20:41:54.099Z,2025-05-08T20:59:49.249Z,17,685,Qmee,796,Qmee,Offerwall / Standalone,1052,United Kingdom (GB),English - United Kingdom,3.6507978,True,False,True,Veronica Penkova,veronicapenkova@gmail.com,3.6507978,64136502
62,681e606f-742b-343f-2f74-9374cc41a928,1845,Lumivo,Lumivo UK GBP,2747,Lumivo API_Client,26,Reconciled to Term - Completes Uploaded,18,Other Survey   ,3,Client Survey Entry,University Entry OJR 2025 PARENTS Day 6,28577122,University Entry OJR 2025 Lucid PARENTS,99f613ae821a8d0a4fd445aba10e0a94,681e606f-742b-343f-2f74-9374cc41a928,HxgrQ4nKMh2tPGgNCfyZuohy,2a0b2639-6338-46b0-a0dd-ec494b5e32ba,2025-05-09T20:07:11.589Z,2025-05-09T20:18:48.13Z,11,685,Qmee,796,Qmee,Offerwall / Standalone,1052,United Kingdom (GB),English - United Kingdom,3.3172338,True,False,True,Veronica Penkova,veronicapenkova@gmail.com,3.3172338,64168738
63,681dccaf-9fcb-7462-f6c8-c610f676ba3f,1845,Lumivo,Lumivo UK GBP,2747,Lumivo API_Client,26,Reconciled to Term - Completes Uploaded,18,Online Study  ,3,Client Survey Entry,Sports study 2025 - UK Desktop Day 6,28526304,Sports study 2025 - UK,ee89dd230e9186dfe22de727a802c53d,681dccaf-9fcb-7462-f6c8-c610f676ba3f,kuXguTXp4iLLhpf5AqJwTQhV,a7f158bd-2535-4553-88a3-9dd1d8e10b71,2025-05-09T09:36:48.405Z,2025-05-09T09:50:44.7Z,13,685,Qmee,796,Qmee,Offerwall / Standalone,1052,United Kingdom (GB),English - United Kingdom,3.6507978,True,False,True,Veronica Penkova,veronicapenkova@gmail.com,3.6507978,64136502
64,681f06c0-529a-e2a9-676f-888134c24fb5,1845,Lumivo,Lumivo UK GBP,2747,Lumivo API_Client,26,Reconciled to Term - Completes Uploaded,18,Other Survey  ,3,Client Survey Entry,University Entry OJR 2025 PARENTS Day 7,28577122,University Entry OJR 2025 Lucid PARENTS,9e5893b9c0a84063442727c6d1d791c4,681f06c0-529a-e2a9-676f-888134c24fb5,YS45Lha1j7AeugyAAK1v4nB1,dbb58ee2-1163-4369-9bf4-bb3e6ede1c60,2025-05-10T07:56:48.462Z,2025-05-10T08:16:47.641Z,19,685,Qmee,796,Qmee,Offerwall / Standalone,1052,United Kingdom (GB),English - United Kingdom,3.3172338,True,False,True,Veronica Penkova,veronicapenkova@gmail.com,3.3172338,64168770
65,681d00ec-bf49-7c9a-7c1d-3d6f79ccbeb0,1845,Lumivo,Lumivo UK GBP,2747,Lumivo API_Client,26,Reconciled to Term - Completes Uploaded,18,Online Study  ,3,Client Survey Entry,Sports study 2025 - UK Desktop Day 6,28526304,Sports study 2025 - UK,1ff7520a008e03d9d75801d7b93c3107,681d00ec-bf49-7c9a-7c1d-3d6f79ccbeb0,DiugwrAq4Nd7rCfEJBgWzKZx,13265fbb-24e6-4574-889d-cac2076a461d,2025-05-08T19:07:24.839Z,2025-05-08T19:15:32.123Z,8,685,Qmee,796,Qmee,Offerwall / Standalone,1052,United Kingdom (GB),English - United Kingdom,3.6507978,True,False,True,Veronica Penkova,veronicapenkova@gmail.com,3.6507978,64136502
66,681f2aa5-ddad-e671-84d1-b19cb6f9d494,1845,Lumivo,Lumivo UK GBP,2747,Lumivo API_Client,26,Reconciled to Term - Completes Uploaded,18,Other Survey  ,3,Client Survey Entry,University Entry OJR 2025 PARENTS Day 7,28577122,University Entry OJR 2025 Lucid PARENTS,59938e3f70d79b9593e066c379214a7b,681f2aa5-ddad-e671-84d1-b19cb6f9d494,VcyZ4a5ci52V2vLCMShdQN1s,446e1853-cf28-4d58-954a-480eaaba5111,2025-05-10T10:29:58.183Z,2025-05-10T10:50:16.765Z,20,685,Qmee,796,Qmee,Offerwall / Standalone,1052,United Kingdom (GB),English - United Kingdom,3.3172338,True,False,True,Veronica Penkova,veronicapenkova@gmail.com,3.3172338,64168770
67,681ceaca-1a97-7b38-df56-e1a428993041,1845,Lumivo,Lumivo UK GBP,2747,Lumivo API_Client,26,Reconciled to Term - Completes Uploaded,18,Online Study  ,3,Client Survey Entry,Sports study 2025 - UK Desktop Day 6,28526304,Sports study 2025 - UK,cbd816800211cb4e68972bb4fcc6cc19,681ceaca-1a97-7b38-df56-e1a428993041,ZDTFKLQ7bw2vKTjbkAmEA4FV,0e4c503c-99ba-4ac0-9cd6-8458cb448720,2025-05-08T17:33:01.353Z,2025-05-08T17:41:21.627Z,8,685,Qmee,796,Qmee,Offerwall / Standalone,1052,United Kingdom (GB),English - United Kingdom,3.6507978,True,False,True,Veronica Penkova,veronicapenkova@gmail.com,3.6507978,64136502
68,681f4909-653d-6124-b5fe-63771208dc15,1845,Lumivo,Lumivo UK GBP,2747,Lumivo API_Client,26,Reconciled to Term - Completes Uploaded,18,Other Survey  ,3,Client Survey Entry,University Entry OJR 2025 PARENTS Day 7,28577122,University Entry OJR 2025 Lucid PARENTS,d8d7ecc5591fa3c283b7051b8ff69633,681f4909-653d-6124-b5fe-63771208dc15,iTSzvQZBfaC5hBTQfrU8xEZd,b507d19c-60ab-4a95-9d83-4cb9bcae462c,2025-05-10T12:39:37.434Z,2025-05-10T12:51:04.711Z,11,685,Qmee,796,Qmee,Offerwall / Standalone,1052,United Kingdom (GB),English - United Kingdom,3.3172338,True,False,True,Veronica Penkova,veronicapenkova@gmail.com,3.3172338,64168770
69,681f28bb-a074-4199-37fc-11b458ece695,1845,Lumivo,Lumivo UK GBP,2747,Lumivo API_Client,26,Reconciled to Term - Completes Uploaded,18,Other Survey  ,3,Client Survey Entry,University Entry OJR 2025 PARENTS Day 7,28577122,University Entry OJR 2025 Lucid PARENTS,307f5ad582f7e91519ae505597860d5a,681f28bb-a074-4199-37fc-11b458ece695,kuXguTXp4iLLhpf5AqJwTQhV,949eea9f-3496-464d-bfdf-4e9b081653be,2025-05-10T10:21:47.761Z,2025-05-10T10:32:11.436Z,10,685,Qmee,796,Qmee,Offerwall / Standalone,1052,United Kingdom (GB),English - United Kingdom,3.3172338,True,False,True,Veronica Penkova,veronicapenkova@gmail.com,3.3172338,64168770
70,681f6e6d-de9a-52ae-8df5-427a734507be,1845,Lumivo,Lumivo UK GBP,2747,Lumivo API_Client,26,Reconciled to Term - Completes Uploaded,18,Other Survey  ,3,Client Survey Entry,University Entry OJR 2025 PARENTS Day 7,28577122,University Entry OJR 2025 Lucid PARENTS,ef01cfad18a9d4c96572e24ba5cf48fe,681f6e6d-de9a-52ae-8df5-427a734507be,QDAv4QGB3qTW5LQrJYxGcTr4,a9baa643-2f56-4849-881e-b16abe0c55c0,2025-05-10T15:19:10.019Z,2025-05-10T15:38:32.716Z,19,685,Qmee,796,Qmee,Offerwall / Standalone,1052,United Kingdom (GB),English - United Kingdom,3.3172338,True,False,True,Veronica Penkova,veronicapenkova@gmail.com,3.3172338,64168770
71,681f7203-ebf4-487c-fac0-08a7a2231644,1845,Lumivo,Lumivo UK GBP,2747,Lumivo API_Client,26,Reconciled to Term - Completes Uploaded,18,Other Survey  ,3,Client Survey Entry,University Entry OJR 2025 PARENTS Day 7,28577122,University Entry OJR 2025 Lucid PARENTS,2753e9caaf1b623c0eba5fce6d15fe68,681f7203-ebf4-487c-fac0-08a7a2231644,nijPgB2PitXLZhsSr8pfSpW8,10a5eeec-8f2d-4d09-8231-1d0d7ada91ee,2025-05-10T15:34:29.968Z,2025-05-10T15:52:21.466Z,17,685,Qmee,796,Qmee,Offerwall / Standalone,1052,United Kingdom (GB),English - United Kingdom,3.3172338,True,False,True,Veronica Penkova,veronicapenkova@gmail.com,3.3172338,64168770
72,681f777f-c760-10d4-2c63-433f46eaa8b1,1845,Lumivo,Lumivo UK GBP,2747,Lumivo API_Client,26,Reconciled to Term - Completes Uploaded,18,Other Survey  ,3,Client Survey Entry,University Entry OJR 2025 PARENTS Day 7,28577122,University Entry OJR 2025 Lucid PARENTS,e2054da39783bba80cb80e5760cf4eeb,681f777f-c760-10d4-2c63-433f46eaa8b1,zyVZ447AkSo7xjR2LfKd6pQw,db8114db-7fcd-42d9-aa9d-88304f1b81b6,2025-05-10T15:57:51.802Z,2025-05-10T16:08:28.177Z,10,685,Qmee,796,Qmee,Offerwall / Standalone,1052,United Kingdom (GB),English - United Kingdom,3.3172338,True,False,True,Veronica Penkova,veronicapenkova@gmail.com,3.3172338,64168770
73,681f0a60-8a2b-3680-c1db-0233710a9e1a,1845,Lumivo,Lumivo UK GBP,2747,Lumivo API_Client,26,Reconciled to Term - Completes Uploaded,30,Other Survey  ,3,Client Survey Entry,University Entry OJR 2025 PARENTS Day 7,28577122,University Entry OJR 2025 Lucid PARENTS,14748194,681f0a34-7a0b-04f7-6c5c-90736207c027,7117741,8d750e82-ac4b-4097-85cd-1ff62fc1dc09,2025-05-10T08:12:16.831Z,2025-05-10T08:35:25.165Z,23,1499,Trayistats AI - Link,3485,Trayistats AI - Link,Yield Management (Pulley),1873,United Kingdom (GB),English - United Kingdom,3.3172338,True,False,True,Veronica Penkova,veronicapenkova@gmail.com,3.3172338,64168770
74,681f7479-6d7d-2327-4531-f2942b442dca,1845,Lumivo,Lumivo UK GBP,2747,Lumivo API_Client,26,Reconciled to Term - Completes Uploaded,30,Other Survey  ,3,Client Survey Entry,University Entry OJR 2025 PARENTS Day 7,28577122,University Entry OJR 2025 Lucid PARENTS,14755175,681f7450-ed24-9cb3-53e3-81a14202f43c,6857948,2a88b608-9e74-4df3-9845-77d155138608,2025-05-10T15:44:57.908Z,2025-05-10T16:03:59.233Z,19,1499,Trayistats AI - Link,3485,Trayistats AI - Link,Yield Management (Pulley),1873,United Kingdom (GB),English - United Kingdom,3.3172338,True,False,True,Veronica Penkova,veronicapenkova@gmail.com,3.3172338,64168770
75,681f5a72-a915-6e05-7c7e-1cff5cbb967a,1845,Lumivo,Lumivo UK GBP,2747,Lumivo API_Client,26,Reconciled to Term - Completes Uploaded,18,Other Survey  ,3,Client Survey Entry,University Entry OJR 2025 PARENTS Day 7,28577122,University Entry OJR 2025 Lucid PARENTS,43112617e79481a1ec92b713e9dd45d0,681f5a72-a915-6e05-7c7e-1cff5cbb967a,JWt629U1VPt9RxcK2HSv1ThL,a0ac3d30-fb21-4cbf-8a76-2891152631b1,2025-05-10T13:53:54.596Z,2025-05-10T14:02:41.47Z,8,685,Qmee,796,Qmee,Offerwall / Standalone,1052,United Kingdom (GB),English - United Kingdom,3.3172338,True,False,True,Veronica Penkova,veronicapenkova@gmail.com,3.3172338,64168770
